REG;COL;ROW;X;Y;FAM;REP;H03;QPI;VPI;VPI2
1;12;1;1;36;VAL30;1;416;9.14;0.89;0.62742241
2;12;1;1;35;VAL30;1;501;3.71;0.73;0.28398241
3;12;1;1;34;VAL30;1;515;8.38;0.88;0.59969536
4;11;1;1;33;VAL41;1;375;11;0.91;0.68574961
5;11;1;1;32;VAL41;1;555;4;0.75;0.31640625
6;11;1;1;31;VAL41;1;605;3.39;0.71;0.25411681
7;10;1;1;30;VAL63;2;570;3.55;0.72;0.26873856
8;10;1;1;29;VAL63;2;515;11.8;0.92;0.71639296
9;10;1;1;28;VAL63;2;531;5.27;0.81;0.43046721
10;9;1;1;27;VAL68;2;562;4.46;0.78;0.37015056
11;9;1;1;26;VAL68;2;490;3.56;0.72;0.26873856
12;9;1;1;25;VAL68;2;NA;NA;NA;NA
13;8;1;1;24;VAL48;3;424;5.78;0.83;0.47458321
14;8;1;1;23;VAL48;3;496;4;0.75;0.31640625
15;8;1;1;22;VAL48;3;494;5.38;0.81;0.43046721
16;7;1;1;21;VAL53;3;430;6.67;0.85;0.52200625
17;7;1;1;20;VAL53;3;490;5.58;0.82;0.45212176
18;7;1;1;19;VAL53;3;472;7.75;0.87;0.57289761
19;6;1;1;18;VAL84;4;517;8.63;0.88;0.59969536
20;6;1;1;17;VAL84;4;542;10;0.9;0.6561
21;6;1;1;16;VAL84;4;454;7.22;0.86;0.54700816
22;5;1;1;15;VAL27;4;448;3.93;0.75;0.31640625
23;5;1;1;14;VAL27;4;350;25.5;0.96;0.84934656
24;5;1;1;13;VAL27;4;354;11.2;0.91;0.68574961
25;4;1;1;12;VAL68;5;477;16.75;0.94;0.78074896
26;4;1;1;11;VAL68;5;514;10.83;0.91;0.68574961
27;4;1;1;10;VAL68;5;463;6;0.83;0.47458321
28;3;1;1;9;VAL18;5;490;3.44;0.71;0.25411681
29;3;1;1;8;VAL18;5;424;4.5;0.78;0.37015056
30;3;1;1;7;VAL18;5;293;6.38;0.84;0.49787136
31;2;1;1;6;VAL10;6;448;4.42;0.77;0.35153041
32;2;1;1;5;VAL10;6;494;6.5;0.85;0.52200625
33;2;1;1;4;VAL10;6;NA;NA;NA;NA
34;1;1;1;3;VAL8;6;504;4.05;0.75;0.31640625
35;1;1;1;2;VAL8;6;517;10.83;0.91;0.68574961
36;1;1;1;1;VAL8;6;448;5.3;0.81;0.43046721
37;1;2;2;1;VAL58;6;546;2.6;0.62;0.14776336
38;1;2;2;2;VAL58;6;303;2.69;0.63;0.15752961
39;1;2;2;3;VAL58;6;469;5.85;0.83;0.47458321
40;2;2;2;4;VAL68;6;520;5.82;0.83;0.47458321
41;2;2;2;5;VAL68;6;432;3.64;0.73;0.28398241
42;2;2;2;6;VAL68;6;480;3.5;0.71;0.25411681
43;3;2;2;7;VAL62;5;372;7.38;0.86;0.54700816
44;3;2;2;8;VAL62;5;415;6.89;0.85;0.52200625
45;3;2;2;9;VAL62;5;448;4.31;0.77;0.35153041
46;4;2;2;10;VAL84;5;586;3.84;0.74;0.29986576
47;4;2;2;11;VAL84;5;499;4.07;0.75;0.31640625
48;4;2;2;12;VAL84;5;406;10.8;0.91;0.68574961
49;5;2;2;13;VAL54;4;459;8.88;0.89;0.62742241
50;5;2;2;14;VAL54;4;421;4.45;0.78;0.37015056
51;5;2;2;15;VAL54;4;456;4;0.75;0.31640625
52;6;2;2;16;VAL4;4;423;6;0.83;0.47458321
53;6;2;2;17;VAL4;4;NA;NA;NA;NA
54;6;2;2;18;VAL4;4;397;5.22;0.81;0.43046721
55;7;2;2;19;VAL30;3;420;4.54;0.78;0.37015056
56;7;2;2;20;VAL30;3;571;2.71;0.63;0.15752961
57;7;2;2;21;VAL30;3;543;3.32;0.7;0.2401
58;8;2;2;22;VAL55;3;466;12.6;0.92;0.71639296
59;8;2;2;23;VAL55;3;567;10;0.9;0.6561
60;8;2;2;24;VAL55;3;435;12.5;0.92;0.71639296
61;9;2;2;25;VAL28;2;608;5.62;0.82;0.45212176
62;9;2;2;26;VAL28;2;592;6;0.83;0.47458321
63;9;2;2;27;VAL28;2;534;5.38;0.81;0.43046721
64;10;2;2;28;VAL59;2;505;5.07;0.8;0.4096
65;10;2;2;29;VAL59;2;NA;NA;NA;NA
66;10;2;2;30;VAL59;2;564;4.75;0.79;0.38950081
67;11;2;2;31;VAL54;1;498;5.75;0.83;0.47458321
68;11;2;2;32;VAL54;1;514;4.07;0.75;0.31640625
69;11;2;2;33;VAL54;1;317;17;0.94;0.78074896
70;12;2;2;34;VAL18;1;396;11.5;0.91;0.68574961
71;12;2;2;35;VAL18;1;480;5.5;0.82;0.45212176
72;12;2;2;36;VAL18;1;638;17.6;0.94;0.78074896
73;12;3;3;36;VAL26;1;414;9.83;0.9;0.6561
74;12;3;3;35;VAL26;1;546;3.21;0.69;0.22667121
75;12;3;3;34;VAL26;1;303;8.4;0.88;0.59969536
76;11;3;3;33;VAL19;1;287;4.8;0.79;0.38950081
77;11;3;3;32;VAL19;1;500;4.46;0.78;0.37015056
78;11;3;3;31;VAL19;1;549;7;0.86;0.54700816
79;10;3;3;30;VAL64;2;448;8.13;0.88;0.59969536
80;10;3;3;29;VAL64;2;NA;NA;NA;NA
81;10;3;3;28;VAL64;2;501;7.44;0.87;0.57289761
82;9;3;3;27;VAL61;2;501;6;0.83;0.47458321
83;9;3;3;26;VAL61;2;611;21.17;0.95;0.81450625
84;9;3;3;25;VAL61;2;448;6.8;0.85;0.52200625
85;8;3;3;24;VAL69;3;465;4.85;0.79;0.38950081
86;8;3;3;23;VAL69;3;474;4.83;0.79;0.38950081
87;8;3;3;22;VAL69;3;432;4.75;0.79;0.38950081
88;7;3;3;21;VAL13;3;464;2.8;0.64;0.16777216
89;7;3;3;20;VAL13;3;468;4.08;0.76;0.33362176
90;7;3;3;19;VAL13;3;442;3.69;0.73;0.28398241
91;6;3;3;18;VAL41;4;435;5.18;0.81;0.43046721
92;6;3;3;17;VAL41;4;492;3.88;0.74;0.29986576
93;6;3;3;16;VAL41;4;511;2.55;0.61;0.13845841
94;5;3;3;15;VAL11;4;500;6.1;0.84;0.49787136
95;5;3;3;14;VAL11;4;379;6.2;0.84;0.49787136
96;5;3;3;13;VAL11;4;417;12.2;0.92;0.71639296
97;4;3;3;12;VAL56;5;546;4.43;0.77;0.35153041
98;4;3;3;11;VAL56;5;472;4;0.75;0.31640625
99;4;3;3;10;VAL56;5;499;6.44;0.84;0.49787136
100;3;3;3;9;VAL48;5;587;8.8;0.89;0.62742241
101;3;3;3;8;VAL48;5;568;2.91;0.66;0.18974736
102;3;3;3;7;VAL48;5;448;2.35;0.57;0.10556001
103;2;3;3;6;VAL4;6;505;9.86;0.9;0.6561
104;2;3;3;5;VAL4;6;564;5.71;0.83;0.47458321
105;2;3;3;4;VAL4;6;570;8.33;0.88;0.59969536
106;1;3;3;3;VAL40;6;502;6.3;0.84;0.49787136
107;1;3;3;2;VAL40;6;393;9.14;0.89;0.62742241
108;1;3;3;1;VAL40;6;481;3.76;0.73;0.28398241
109;1;4;4;1;VAL22;6;518;2.5;0.6;0.1296
110;1;4;4;2;VAL22;6;507;6.33;0.84;0.49787136
111;1;4;4;3;VAL22;6;448;9.17;0.89;0.62742241
112;2;4;4;4;VAL54;6;506;4.83;0.79;0.38950081
113;2;4;4;5;VAL54;6;505;2.68;0.63;0.15752961
114;2;4;4;6;VAL54;6;580;4.25;0.76;0.33362176
115;3;4;4;7;VAL30;5;467;3.48;0.71;0.25411681
116;3;4;4;8;VAL30;5;641;3.42;0.71;0.25411681
117;3;4;4;9;VAL30;5;521;4.33;0.77;0.35153041
118;4;4;4;10;VAL51;5;546;5.92;0.83;0.47458321
119;4;4;4;11;VAL51;5;576;3.11;0.68;0.21381376
120;4;4;4;12;VAL51;5;456;6.1;0.84;0.49787136
121;5;4;4;13;VAL62;4;NA;NA;NA;NA
122;5;4;4;14;VAL62;4;474;6.89;0.85;0.52200625
123;5;4;4;15;VAL62;4;433;6;0.83;0.47458321
124;6;4;4;16;VAL51;4;442;5.4;0.81;0.43046721
125;6;4;4;17;VAL51;4;564;10.5;0.9;0.6561
126;6;4;4;18;VAL51;4;508;5.08;0.8;0.4096
127;7;4;4;19;VAL28;3;432;4.85;0.79;0.38950081
128;7;4;4;20;VAL28;3;481;5;0.8;0.4096
129;7;4;4;21;VAL28;3;540;2.52;0.6;0.1296
130;8;4;4;22;VAL39;3;505;5.73;0.83;0.47458321
131;8;4;4;23;VAL39;3;514;9.86;0.9;0.6561
132;8;4;4;24;VAL39;3;511;6.78;0.85;0.52200625
133;9;4;4;25;VAL32;2;491;4.13;0.76;0.33362176
134;9;4;4;26;VAL32;2;527;6.58;0.85;0.52200625
135;9;4;4;27;VAL32;2;610;4.06;0.75;0.31640625
136;10;4;4;28;VAL78;2;547;4.19;0.76;0.33362176
137;10;4;4;29;VAL78;2;587;5.57;0.82;0.45212176
138;10;4;4;30;VAL78;2;400;8;0.88;0.59969536
139;11;4;4;31;VAL74;1;514;6.18;0.84;0.49787136
140;11;4;4;32;VAL74;1;641;3.33;0.7;0.2401
141;11;4;4;33;VAL74;1;524;17;0.94;0.78074896
142;12;4;4;34;VAL58;1;532;10.67;0.91;0.68574961
143;12;4;4;35;VAL58;1;541;10;0.9;0.6561
144;12;4;4;36;VAL58;1;568;4;0.75;0.31640625
145;12;5;5;36;VAL39;1;499;8.75;0.89;0.62742241
146;12;5;5;35;VAL39;1;508;6.78;0.85;0.52200625
147;12;5;5;34;VAL39;1;357;13.25;0.92;0.71639296
148;11;5;5;33;VAL70;1;437;8.86;0.89;0.62742241
149;11;5;5;32;VAL70;1;541;5.91;0.83;0.47458321
150;11;5;5;31;VAL70;1;350;11.5;0.91;0.68574961
151;10;5;5;30;VAL53;2;482;11;0.91;0.68574961
152;10;5;5;29;VAL53;2;478;3.5;0.71;0.25411681
153;10;5;5;28;VAL53;2;552;5.07;0.8;0.4096
154;9;5;5;27;VAL74;2;515;6.55;0.85;0.52200625
155;9;5;5;26;VAL74;2;546;4.93;0.8;0.4096
156;9;5;5;25;VAL74;2;509;9.25;0.89;0.62742241
157;8;5;5;24;VAL4;3;546;6.27;0.84;0.49787136
158;8;5;5;23;VAL4;3;437;4.67;0.79;0.38950081
159;8;5;5;22;VAL4;3;448;7;0.86;0.54700816
160;7;5;5;21;VAL62;3;414;3.4;0.71;0.25411681
161;7;5;5;20;VAL62;3;482;38.67;0.97;0.88529281
162;7;5;5;19;VAL62;3;418;6.11;0.84;0.49787136
163;6;5;5;18;VAL34;4;502;4.77;0.79;0.38950081
164;6;5;5;17;VAL34;4;630;4.94;0.8;0.4096
165;6;5;5;16;VAL34;4;NA;NA;NA;NA
166;5;5;5;15;VAL53;4;532;4.06;0.75;0.31640625
167;5;5;5;14;VAL53;4;522;4;0.75;0.31640625
168;5;5;5;13;VAL53;4;533;4.57;0.78;0.37015056
169;4;5;5;12;VAL6;5;378;4.91;0.8;0.4096
170;4;5;5;11;VAL6;5;342;5.1;0.8;0.4096
171;4;5;5;10;VAL6;5;489;3.1;0.68;0.21381376
172;3;5;5;9;VAL11;5;497;3.81;0.74;0.29986576
173;3;5;5;8;VAL11;5;514;2.9;0.66;0.18974736
174;3;5;5;7;VAL11;5;448;3.63;0.72;0.26873856
175;2;5;5;6;VAL61;6;663;2.64;0.62;0.14776336
176;2;5;5;5;VAL61;6;620;3.79;0.74;0.29986576
177;2;5;5;4;VAL61;6;512;2.83;0.65;0.17850625
178;1;5;5;3;VAL20;6;700;2.89;0.65;0.17850625
179;1;5;5;2;VAL20;6;556;4.3;0.77;0.35153041
180;1;5;5;1;VAL20;6;520;6.67;0.85;0.52200625
181;1;6;6;1;VAL62;6;535;6.65;0.85;0.52200625
182;1;6;6;2;VAL62;6;542;3.5;0.71;0.25411681
183;1;6;6;3;VAL62;6;517;3.2;0.69;0.22667121
184;2;6;6;4;VAL64;6;610;2.68;0.63;0.15752961
185;2;6;6;5;VAL64;6;407;2.94;0.66;0.18974736
186;2;6;6;6;VAL64;6;557;6.5;0.85;0.52200625
187;3;6;6;7;VAL27;5;468;5.27;0.81;0.43046721
188;3;6;6;8;VAL27;5;581;3.89;0.74;0.29986576
189;3;6;6;9;VAL27;5;492;8.38;0.88;0.59969536
190;4;6;6;10;VAL55;5;466;22.33;0.96;0.84934656
191;4;6;6;11;VAL55;5;675;5.13;0.8;0.4096
192;4;6;6;12;VAL55;5;448;3.62;0.72;0.26873856
193;5;6;6;13;VAL83;4;535;4.35;0.77;0.35153041
194;5;6;6;14;VAL83;4;539;7.4;0.86;0.54700816
195;5;6;6;15;VAL83;4;526;9.57;0.9;0.6561
196;6;6;6;16;VAL57;4;528;3.33;0.7;0.2401
197;6;6;6;17;VAL57;4;467;2.65;0.62;0.14776336
198;6;6;6;18;VAL57;4;556;7.08;0.86;0.54700816
199;7;6;6;19;VAL26;3;518;8.38;0.88;0.59969536
200;7;6;6;20;VAL26;3;350;4.2;0.76;0.33362176
201;7;6;6;21;VAL26;3;477;4.38;0.77;0.35153041
202;8;6;6;22;VAL68;3;483;7.4;0.86;0.54700816
203;8;6;6;23;VAL68;3;448;6.11;0.84;0.49787136
204;8;6;6;24;VAL68;3;521;3.11;0.68;0.21381376
205;9;6;6;25;VAL31;2;474;4.5;0.78;0.37015056
206;9;6;6;26;VAL31;2;545;4.06;0.75;0.31640625
207;9;6;6;27;VAL31;2;401;3.5;0.71;0.25411681
208;10;6;6;28;VAL48;2;545;6.18;0.84;0.49787136
209;10;6;6;29;VAL48;2;489;7.75;0.87;0.57289761
210;10;6;6;30;VAL48;2;560;5.92;0.83;0.47458321
211;11;6;6;31;VAL84;1;487;3.63;0.72;0.26873856
212;11;6;6;32;VAL84;1;434;7.38;0.86;0.54700816
213;11;6;6;33;VAL84;1;413;9.83;0.9;0.6561
214;12;6;6;34;VAL32;1;578;8.88;0.89;0.62742241
215;12;6;6;35;VAL32;1;466;5.9;0.83;0.47458321
216;12;6;6;36;VAL32;1;460;17.75;0.94;0.78074896
217;12;7;7;36;VAL20;1;372;7.29;0.86;0.54700816
218;12;7;7;35;VAL20;1;448;19.33;0.95;0.81450625
219;12;7;7;34;VAL20;1;545;5.5;0.82;0.45212176
220;11;7;7;33;VAL13;1;423;5;0.8;0.4096
221;11;7;7;32;VAL13;1;523;10.67;0.91;0.68574961
222;11;7;7;31;VAL13;1;527;6;0.83;0.47458321
223;10;7;7;30;VAL69;2;497;5.33;0.81;0.43046721
224;10;7;7;29;VAL69;2;491;5.9;0.83;0.47458321
225;10;7;7;28;VAL69;2;448;8.25;0.88;0.59969536
226;9;7;7;27;VAL6;2;386;5.75;0.83;0.47458321
227;9;7;7;26;VAL6;2;488;21.67;0.95;0.81450625
228;9;7;7;25;VAL6;2;483;7.63;0.87;0.57289761
229;8;7;7;24;VAL8;3;446;7.38;0.86;0.54700816
230;8;7;7;23;VAL8;3;538;3;0.67;0.20151121
231;8;7;7;22;VAL8;3;514;6.25;0.84;0.49787136
232;7;7;7;21;VAL74;3;489;7.88;0.87;0.57289761
233;7;7;7;20;VAL74;3;433;5.73;0.83;0.47458321
234;7;7;7;19;VAL74;3;420;5.55;0.82;0.45212176
235;6;7;7;18;VAL28;4;511;3.26;0.69;0.22667121
236;6;7;7;17;VAL28;4;507;2.92;0.66;0.18974736
237;6;7;7;16;VAL28;4;525;3.72;0.73;0.28398241
238;5;7;7;15;VAL61;4;NA;NA;NA;NA
239;5;7;7;14;VAL61;4;664;2.39;0.58;0.11316496
240;5;7;7;13;VAL61;4;582;5.4;0.81;0.43046721
241;4;7;7;12;VAL34;5;507;4.33;0.77;0.35153041
242;4;7;7;11;VAL34;5;566;7.7;0.87;0.57289761
243;4;7;7;10;VAL34;5;506;13.8;0.93;0.74805201
244;3;7;7;9;VAL42;5;567;2.83;0.65;0.17850625
245;3;7;7;8;VAL42;5;425;12.33;0.92;0.71639296
246;3;7;7;7;VAL42;5;395;6.88;0.85;0.52200625
247;2;7;7;6;VAL34;6;573;3.53;0.72;0.26873856
248;2;7;7;5;VAL34;6;631;4.28;0.77;0.35153041
249;2;7;7;4;VAL34;6;631;2.34;0.57;0.10556001
250;1;7;7;3;VAL31;6;545;2.81;0.64;0.16777216
251;1;7;7;2;VAL31;6;586;1.97;0.49;0.05764801
252;1;7;7;1;VAL31;6;545;3.32;0.7;0.2401
253;1;8;8;1;VAL59;6;593;4.95;0.8;0.4096
254;1;8;8;2;VAL59;6;655;2.53;0.6;0.1296
255;1;8;8;3;VAL59;6;546;4.24;0.76;0.33362176
256;2;8;8;4;VAL41;6;625;3.08;0.68;0.21381376
257;2;8;8;5;VAL41;6;539;5.92;0.83;0.47458321
258;2;8;8;6;VAL41;6;561;6.7;0.85;0.52200625
259;3;8;8;7;VAL80;5;541;3.88;0.74;0.29986576
260;3;8;8;8;VAL80;5;600;4.82;0.79;0.38950081
261;3;8;8;9;VAL80;5;500;12.2;0.92;0.71639296
262;4;8;8;10;VAL19;5;412;5.78;0.83;0.47458321
263;4;8;8;11;VAL19;5;471;3.93;0.75;0.31640625
264;4;8;8;12;VAL19;5;558;7.56;0.87;0.57289761
265;5;8;8;13;VAL20;4;582;3.83;0.74;0.29986576
266;5;8;8;14;VAL20;4;397;5.64;0.82;0.45212176
267;5;8;8;15;VAL20;4;516;9.29;0.89;0.62742241
268;6;8;8;16;VAL6;4;508;3.24;0.69;0.22667121
269;6;8;8;17;VAL6;4;546;3.29;0.7;0.2401
270;6;8;8;18;VAL6;4;432;4.55;0.78;0.37015056
271;7;8;8;19;VAL19;3;317;8.86;0.89;0.62742241
272;7;8;8;20;VAL19;3;503;3.3;0.7;0.2401
273;7;8;8;21;VAL19;3;509;9.43;0.89;0.62742241
274;8;8;8;22;VAL20;3;482;5.45;0.82;0.45212176
275;8;8;8;23;VAL20;3;526;5.44;0.82;0.45212176
276;8;8;8;24;VAL20;3;442;3.92;0.75;0.31640625
277;9;8;8;25;VAL54;2;522;5.5;0.82;0.45212176
278;9;8;8;26;VAL54;2;540;5.69;0.82;0.45212176
279;9;8;8;27;VAL54;2;483;5.58;0.82;0.45212176
280;10;8;8;28;VAL27;2;517;3.25;0.69;0.22667121
281;10;8;8;29;VAL27;2;486;12.2;0.92;0.71639296
282;10;8;8;30;VAL27;2;460;11.8;0.92;0.71639296
283;11;8;8;31;VAL40;1;504;14.2;0.93;0.74805201
284;11;8;8;32;VAL40;1;538;13.83;0.93;0.74805201
285;11;8;8;33;VAL40;1;528;8.25;0.88;0.59969536
286;12;8;8;34;VAL63;1;525;7.3;0.86;0.54700816
287;12;8;8;35;VAL63;1;590;4.11;0.76;0.33362176
288;12;8;8;36;VAL63;1;508;6.5;0.85;0.52200625
289;12;9;9;36;VAL62;1;415;10;0.9;0.6561
290;12;9;9;35;VAL62;1;518;6.89;0.85;0.52200625
291;12;9;9;34;VAL62;1;448;6.67;0.85;0.52200625
292;11;9;9;33;VAL35;1;493;9;0.89;0.62742241
293;11;9;9;32;VAL35;1;533;8.88;0.89;0.62742241
294;11;9;9;31;VAL35;1;651;7.42;0.87;0.57289761
295;10;9;9;30;VAL8;2;508;5.73;0.83;0.47458321
296;10;9;9;29;VAL8;2;448;23.5;0.96;0.84934656
297;10;9;9;28;VAL8;2;498;8.25;0.88;0.59969536
298;9;9;9;27;VAL13;2;448;6.56;0.85;0.52200625
299;9;9;9;26;VAL13;2;336;4.4;0.77;0.35153041
300;9;9;9;25;VAL13;2;447;4.42;0.77;0.35153041
301;8;9;9;24;VAL9;3;499;15.14;0.93;0.74805201
302;8;9;9;23;VAL9;3;510;6.18;0.84;0.49787136
303;8;9;9;22;VAL9;3;495;3.6;0.72;0.26873856
304;7;9;9;21;VAL31;3;441;4.29;0.77;0.35153041
305;7;9;9;20;VAL31;3;448;4.38;0.77;0.35153041
306;7;9;9;19;VAL31;3;506;4.07;0.75;0.31640625
307;6;9;9;18;VAL69;4;478;4.83;0.79;0.38950081
308;6;9;9;17;VAL69;4;438;12.8;0.92;0.71639296
309;6;9;9;16;VAL69;4;533;5.85;0.83;0.47458321
310;5;9;9;15;VAL25;4;452;8.86;0.89;0.62742241
311;5;9;9;14;VAL25;4;593;9.3;0.89;0.62742241
312;5;9;9;13;VAL25;4;531;4.81;0.79;0.38950081
313;4;9;9;12;VAL26;5;437;5.9;0.83;0.47458321
314;4;9;9;11;VAL26;5;426;9.86;0.9;0.6561
315;4;9;9;10;VAL26;5;427;9.57;0.9;0.6561
316;3;9;9;9;VAL39;5;536;4.57;0.78;0.37015056
317;3;9;9;8;VAL39;5;379;14.5;0.93;0.74805201
318;3;9;9;7;VAL39;5;443;3.27;0.69;0.22667121
319;2;9;9;6;VAL32;6;608;5.35;0.81;0.43046721
320;2;9;9;5;VAL32;6;NA;NA;NA;NA
321;2;9;9;4;VAL32;6;488;3.93;0.75;0.31640625
322;1;9;9;3;VAL83;6;503;3.87;0.74;0.29986576
323;1;9;9;2;VAL83;6;614;4.76;0.79;0.38950081
324;1;9;9;1;VAL83;6;628;5.67;0.82;0.45212176
325;1;10;10;1;VAL72;6;614;13.57;0.93;0.74805201
326;1;10;10;2;VAL72;6;540;6.08;0.84;0.49787136
327;1;10;10;3;VAL72;6;368;3.38;0.7;0.2401
328;2;10;10;4;VAL75;6;546;3.94;0.75;0.31640625
329;2;10;10;5;VAL75;6;534;4.6;0.78;0.37015056
330;2;10;10;6;VAL75;6;544;4.36;0.77;0.35153041
331;3;10;10;7;VAL83;5;553;3.61;0.72;0.26873856
332;3;10;10;8;VAL83;5;660;6.6;0.85;0.52200625
333;3;10;10;9;VAL83;5;571;5.07;0.8;0.4096
334;4;10;10;10;VAL74;5;487;14.6;0.93;0.74805201
335;4;10;10;11;VAL74;5;478;10.5;0.9;0.6561
336;4;10;10;12;VAL74;5;428;5.2;0.81;0.43046721
337;5;10;10;13;VAL48;4;570;12.17;0.92;0.71639296
338;5;10;10;14;VAL48;4;516;8.63;0.88;0.59969536
339;5;10;10;15;VAL48;4;448;4.83;0.79;0.38950081
340;6;10;10;16;VAL17;4;NA;NA;NA;NA
341;6;10;10;17;VAL17;4;570;6.67;0.85;0.52200625
342;6;10;10;18;VAL17;4;531;7;0.86;0.54700816
343;7;10;10;19;VAL61;3;462;4.58;0.78;0.37015056
344;7;10;10;20;VAL61;3;493;2.23;0.55;0.09150625
345;7;10;10;21;VAL61;3;500;3.6;0.72;0.26873856
346;8;10;10;22;VAL24;3;373;10.75;0.91;0.68574961
347;8;10;10;23;VAL24;3;463;4.14;0.76;0.33362176
348;8;10;10;24;VAL24;3;471;3.53;0.72;0.26873856
349;9;10;10;25;VAL41;2;445;5.09;0.8;0.4096
350;9;10;10;26;VAL41;2;486;3.8;0.74;0.29986576
351;9;10;10;27;VAL41;2;520;4.4;0.77;0.35153041
352;10;10;10;28;VAL57;2;491;5.9;0.83;0.47458321
353;10;10;10;29;VAL57;2;514;5.8;0.83;0.47458321
354;10;10;10;30;VAL57;2;NA;NA;NA;NA
355;11;10;10;31;VAL61;1;516;5.08;0.8;0.4096
356;11;10;10;32;VAL61;1;490;3.79;0.74;0.29986576
357;11;10;10;33;VAL61;1;536;6.73;0.85;0.52200625
358;12;10;10;34;VAL83;1;535;7.91;0.87;0.57289761
359;12;10;10;35;VAL83;1;402;11.2;0.91;0.68574961
360;12;10;10;36;VAL83;1;528;5.07;0.8;0.4096
361;12;11;11;36;VAL51;1;499;8.88;0.89;0.62742241
362;12;11;11;35;VAL51;1;447;8.13;0.88;0.59969536
363;12;11;11;34;VAL51;1;536;9.86;0.9;0.6561
364;11;11;11;33;VAL78;1;433;12.8;0.92;0.71639296
365;11;11;11;32;VAL78;1;461;9.43;0.89;0.62742241
366;11;11;11;31;VAL78;1;442;5.78;0.83;0.47458321
367;10;11;11;30;VAL83;2;523;11;0.91;0.68574961
368;10;11;11;29;VAL83;2;496;6.5;0.85;0.52200625
369;10;11;11;28;VAL83;2;381;5.5;0.82;0.45212176
370;9;11;11;27;VAL62;2;573;13.33;0.93;0.74805201
371;9;11;11;26;VAL62;2;378;5.1;0.8;0.4096
372;9;11;11;25;VAL62;2;426;7.57;0.87;0.57289761
373;8;11;11;24;VAL56;3;410;4.91;0.8;0.4096
374;8;11;11;23;VAL56;3;357;5;0.8;0.4096
375;8;11;11;22;VAL56;3;461;9;0.89;0.62742241
376;7;11;11;21;VAL84;3;504;5.64;0.82;0.45212176
377;7;11;11;20;VAL84;3;465;6.6;0.85;0.52200625
378;7;11;11;19;VAL84;3;524;7.5;0.87;0.57289761
379;6;11;11;18;VAL9;4;405;8.86;0.89;0.62742241
380;6;11;11;17;VAL9;4;560;6.25;0.84;0.49787136
381;6;11;11;16;VAL9;4;560;4.29;0.77;0.35153041
382;5;11;11;15;VAL72;4;467;17;0.94;0.78074896
383;5;11;11;14;VAL72;4;441;6.44;0.84;0.49787136
384;5;11;11;13;VAL72;4;549;5.86;0.83;0.47458321
385;4;11;11;12;VAL31;5;448;NA;NA;NA
386;4;11;11;11;VAL31;5;576;4.87;0.79;0.38950081
387;4;11;11;10;VAL31;5;614;3.26;0.69;0.22667121
388;3;11;11;9;VAL59;5;498;3.05;0.67;0.20151121
389;3;11;11;8;VAL59;5;470;3.26;0.69;0.22667121
390;3;11;11;7;VAL59;5;502;6.38;0.84;0.49787136
391;2;11;11;6;VAL63;6;622;5.06;0.8;0.4096
392;2;11;11;5;VAL63;6;585;4.92;0.8;0.4096
393;2;11;11;4;VAL63;6;471;15.75;0.94;0.78074896
394;1;11;11;3;VAL35;6;448;6.63;0.85;0.52200625
395;1;11;11;2;VAL35;6;516;2.95;0.66;0.18974736
396;1;11;11;1;VAL35;6;514;6.67;0.85;0.52200625
397;1;12;12;1;VAL9;6;561;2;0.5;0.0625
398;1;12;12;2;VAL9;6;553;4.47;0.78;0.37015056
399;1;12;12;3;VAL9;6;512;3.19;0.69;0.22667121
400;2;12;12;4;VAL25;6;520;9.57;0.9;0.6561
401;2;12;12;5;VAL25;6;515;3.87;0.74;0.29986576
402;2;12;12;6;VAL25;6;548;4.07;0.75;0.31640625
403;3;12;12;7;VAL70;5;399;5.56;0.82;0.45212176
404;3;12;12;8;VAL70;5;558;2.21;0.55;0.09150625
405;3;12;12;9;VAL70;5;527;4.38;0.77;0.35153041
406;4;12;12;10;VAL4;5;501;7.29;0.86;0.54700816
407;4;12;12;11;VAL4;5;380;7.33;0.86;0.54700816
408;4;12;12;12;VAL4;5;545;7.7;0.87;0.57289761
409;5;12;12;13;VAL70;4;563;8.86;0.89;0.62742241
410;5;12;12;14;VAL70;4;500;5.92;0.83;0.47458321
411;5;12;12;15;VAL70;4;559;5.64;0.82;0.45212176
412;6;12;12;16;VAL42;4;356;5;0.8;0.4096
413;6;12;12;17;VAL42;4;455;8;0.88;0.59969536
414;6;12;12;18;VAL42;4;460;14.5;0.93;0.74805201
415;7;12;12;19;VAL70;3;400;3.64;0.73;0.28398241
416;7;12;12;20;VAL70;3;475;11;0.91;0.68574961
417;7;12;12;21;VAL70;3;452;5.27;0.81;0.43046721
418;8;12;12;22;VAL27;3;444;5.5;0.82;0.45212176
419;8;12;12;23;VAL27;3;392;12.25;0.92;0.71639296
420;8;12;12;24;VAL27;3;431;5.9;0.83;0.47458321
421;9;12;12;25;VAL10;2;430;6.88;0.85;0.52200625
422;9;12;12;26;VAL10;2;463;13.75;0.93;0.74805201
423;9;12;12;27;VAL10;2;537;8;0.88;0.59969536
424;10;12;12;28;VAL80;2;437;7.5;0.87;0.57289761
425;10;12;12;29;VAL80;2;532;6.64;0.85;0.52200625
426;10;12;12;30;VAL80;2;492;5;0.8;0.4096
427;11;12;12;31;VAL42;1;481;4.25;0.76;0.33362176
428;11;12;12;32;VAL42;1;444;4.54;0.78;0.37015056
429;11;12;12;33;VAL42;1;533;6.2;0.84;0.49787136
430;12;12;12;34;VAL31;1;439;9;0.89;0.62742241
431;12;12;12;35;VAL31;1;257;2.5;0.6;0.1296
432;12;12;12;36;VAL31;1;483;6.78;0.85;0.52200625
433;12;13;13;36;VAL56;1;471;11;0.91;0.68574961
434;12;13;13;35;VAL56;1;590;5;0.8;0.4096
435;12;13;13;34;VAL56;1;249;9.83;0.9;0.6561
436;11;13;13;33;VAL53;1;548;6.5;0.85;0.52200625
437;11;13;13;32;VAL53;1;554;7.09;0.86;0.54700816
438;11;13;13;31;VAL53;1;570;9.13;0.89;0.62742241
439;10;13;13;30;VAL58;2;470;6.2;0.84;0.49787136
440;10;13;13;29;VAL58;2;602;8.33;0.88;0.59969536
441;10;13;13;28;VAL58;2;479;8.14;0.88;0.59969536
442;9;13;13;27;VAL24;2;NA;NA;NA;NA
443;9;13;13;26;VAL24;2;426;11.4;0.91;0.68574961
444;9;13;13;25;VAL24;2;457;6.1;0.84;0.49787136
445;8;13;13;24;VAL59;3;418;6.56;0.85;0.52200625
446;8;13;13;23;VAL59;3;489;10.13;0.9;0.6561
447;8;13;13;22;VAL59;3;498;8.67;0.88;0.59969536
448;7;13;13;21;VAL40;3;476;6.7;0.85;0.52200625
449;7;13;13;20;VAL40;3;412;8.83;0.89;0.62742241
450;7;13;13;19;VAL40;3;528;8;0.88;0.59969536
451;6;13;13;18;VAL24;4;420;7.56;0.87;0.57289761
452;6;13;13;17;VAL24;4;477;15.25;0.93;0.74805201
453;6;13;13;16;VAL24;4;519;6.82;0.85;0.52200625
454;5;13;13;15;VAL63;4;580;3.44;0.71;0.25411681
455;5;13;13;14;VAL63;4;508;7.78;0.87;0.57289761
456;5;13;13;13;VAL63;4;468;3.76;0.73;0.28398241
457;4;13;13;12;VAL28;5;NA;NA;NA;NA
458;4;13;13;11;VAL28;5;583;5.23;0.81;0.43046721
459;4;13;13;10;VAL28;5;536;3.84;0.74;0.29986576
460;3;13;13;9;VAL24;5;605;3.22;0.69;0.22667121
461;3;13;13;8;VAL24;5;548;3.26;0.69;0.22667121
462;3;13;13;7;VAL24;5;460;5.18;0.81;0.43046721
463;2;13;13;6;VAL11;6;532;6.1;0.84;0.49787136
464;2;13;13;5;VAL11;6;459;8.14;0.88;0.59969536
465;2;13;13;4;VAL11;6;570;6.8;0.85;0.52200625
466;1;13;13;3;VAL55;6;476;2.65;0.62;0.14776336
467;1;13;13;2;VAL55;6;608;2.23;0.55;0.09150625
468;1;13;13;1;VAL55;6;535;3.53;0.72;0.26873856
469;1;14;14;1;VAL19;6;486;11;0.91;0.68574961
470;1;14;14;2;VAL19;6;410;7.57;0.87;0.57289761
471;1;14;14;3;VAL19;6;587;3.78;0.74;0.29986576
472;2;14;14;4;VAL80;6;556;3.69;0.73;0.28398241
473;2;14;14;5;VAL80;6;463;3.15;0.68;0.21381376
474;2;14;14;6;VAL80;6;437;3.36;0.7;0.2401
475;3;14;14;7;VAL20;5;489;5.5;0.82;0.45212176
476;3;14;14;8;VAL20;5;455;4.3;0.77;0.35153041
477;3;14;14;9;VAL20;5;560;5.75;0.83;0.47458321
478;4;14;14;10;VAL8;5;594;4.5;0.78;0.37015056
479;4;14;14;11;VAL8;5;534;4.36;0.77;0.35153041
480;4;14;14;12;VAL8;5;478;4.75;0.79;0.38950081
481;5;14;14;13;VAL68;4;444;6.22;0.84;0.49787136
482;5;14;14;14;VAL68;4;528;4.64;0.78;0.37015056
483;5;14;14;15;VAL68;4;425;7.75;0.87;0.57289761
484;6;14;14;16;VAL74;4;447;4.47;0.78;0.37015056
485;6;14;14;17;VAL74;4;487;5.58;0.82;0.45212176
486;6;14;14;18;VAL74;4;512;5.42;0.82;0.45212176
487;7;14;14;19;VAL11;3;479;7.38;0.86;0.54700816
488;7;14;14;20;VAL11;3;446;5.18;0.81;0.43046721
489;7;14;14;21;VAL11;3;416;11.2;0.91;0.68574961
490;8;14;14;22;VAL42;3;412;NA;NA;NA
491;8;14;14;23;VAL42;3;455;13.29;0.92;0.71639296
492;8;14;14;24;VAL42;3;NA;NA;NA;NA
493;9;14;14;25;VAL22;2;387;10.8;0.91;0.68574961
494;9;14;14;26;VAL22;2;481;5.45;0.82;0.45212176
495;9;14;14;27;VAL22;2;468;9.5;0.89;0.62742241
496;10;14;14;28;VAL17;2;514;6.89;0.85;0.52200625
497;10;14;14;29;VAL17;2;491;7.13;0.86;0.54700816
498;10;14;14;30;VAL17;2;577;9.57;0.9;0.6561
499;11;14;14;31;VAL9;1;460;11.4;0.91;0.68574961
500;11;14;14;32;VAL9;1;505;10.8;0.91;0.68574961
501;11;14;14;33;VAL9;1;500;5.64;0.82;0.45212176
502;12;14;14;34;VAL64;1;530;65;0.98;0.92236816
503;12;14;14;35;VAL64;1;471;6.6;0.85;0.52200625
504;12;14;14;36;VAL64;1;447;58;0.98;0.92236816
505;12;15;15;36;VAL25;1;517;5.64;0.82;0.45212176
506;12;15;15;35;VAL25;1;533;2.66;0.62;0.14776336
507;12;15;15;34;VAL25;1;504;8;0.88;0.59969536
508;11;15;15;33;VAL52;1;436;4.21;0.76;0.33362176
509;11;15;15;32;VAL52;1;505;7.38;0.86;0.54700816
510;11;15;15;31;VAL52;1;503;6.2;0.84;0.49787136
511;10;15;15;30;VAL20;2;459;6.2;0.84;0.49787136
512;10;15;15;29;VAL20;2;473;4.62;0.78;0.37015056
513;10;15;15;28;VAL20;2;502;8.63;0.88;0.59969536
514;9;15;15;27;VAL51;2;418;6.25;0.84;0.49787136
515;9;15;15;26;VAL51;2;458;59;0.98;0.92236816
516;9;15;15;25;VAL51;2;495;7.78;0.87;0.57289761
517;8;15;15;24;VAL52;3;471;3.32;0.7;0.2401
518;8;15;15;23;VAL52;3;478;4.92;0.8;0.4096
519;8;15;15;22;VAL52;3;419;6.88;0.85;0.52200625
520;7;15;15;21;VAL63;3;467;12.4;0.92;0.71639296
521;7;15;15;20;VAL63;3;491;3.69;0.73;0.28398241
522;7;15;15;19;VAL63;3;536;6.1;0.84;0.49787136
523;6;15;15;18;VAL22;4;526;7.88;0.87;0.57289761
524;6;15;15;17;VAL22;4;489;11.2;0.91;0.68574961
525;6;15;15;16;VAL22;4;570;5;0.8;0.4096
526;5;15;15;15;VAL56;4;500;4;0.75;0.31640625
527;5;15;15;14;VAL56;4;625;3.12;0.68;0.21381376
528;5;15;15;13;VAL56;4;573;5.36;0.81;0.43046721
529;4;15;15;12;VAL10;5;591;5.67;0.82;0.45212176
530;4;15;15;11;VAL10;5;377;14.5;0.93;0.74805201
531;4;15;15;10;VAL10;5;515;4.33;0.77;0.35153041
532;3;15;15;9;VAL58;5;462;12.2;0.92;0.71639296
533;3;15;15;8;VAL58;5;430;2.47;0.6;0.1296
534;3;15;15;7;VAL58;5;495;2.83;0.65;0.17850625
535;2;15;15;6;VAL30;6;535;3.38;0.7;0.2401
536;2;15;15;5;VAL30;6;523;4.2;0.76;0.33362176
537;2;15;15;4;VAL30;6;510;5;0.8;0.4096
538;1;15;15;3;VAL52;6;581;2.75;0.64;0.16777216
539;1;15;15;2;VAL52;6;500;4.67;0.79;0.38950081
540;1;15;15;1;VAL52;6;587;7.56;0.87;0.57289761
541;1;16;16;1;VAL74;6;535;6;0.83;0.47458321
542;1;16;16;2;VAL74;6;535;9.11;0.89;0.62742241
543;1;16;16;3;VAL74;6;592;2.9;0.66;0.18974736
544;2;16;16;4;VAL39;6;453;7;0.86;0.54700816
545;2;16;16;5;VAL39;6;530;5.25;0.81;0.43046721
546;2;16;16;6;VAL39;6;566;13.4;0.93;0.74805201
547;3;16;16;7;VAL75;5;574;2.71;0.63;0.15752961
548;3;16;16;8;VAL75;5;558;5.42;0.82;0.45212176
549;3;16;16;9;VAL75;5;473;5.36;0.81;0.43046721
550;4;16;16;10;VAL69;5;516;16.75;0.94;0.78074896
551;4;16;16;11;VAL69;5;459;4.14;0.76;0.33362176
552;4;16;16;12;VAL69;5;527;10;0.9;0.6561
553;5;16;16;13;VAL40;4;595;2.7;0.63;0.15752961
554;5;16;16;14;VAL40;4;538;8.38;0.88;0.59969536
555;5;16;16;15;VAL40;4;NA;NA;NA;NA
556;6;16;16;16;VAL80;4;515;27.33;0.96;0.84934656
557;6;16;16;17;VAL80;4;520;4.67;0.79;0.38950081
558;6;16;16;18;VAL80;4;480;3.28;0.69;0.22667121
559;7;16;16;19;VAL78;3;492;7.44;0.87;0.57289761
560;7;16;16;20;VAL78;3;NA;NA;NA;NA
561;7;16;16;21;VAL78;3;378;28.5;0.96;0.84934656
562;8;16;16;22;VAL35;3;478;8.38;0.88;0.59969536
563;8;16;16;23;VAL35;3;NA;NA;NA;NA
564;8;16;16;24;VAL35;3;442;7.5;0.87;0.57289761
565;9;16;16;25;VAL34;2;590;10.29;0.9;0.6561
566;9;16;16;26;VAL34;2;591;8.78;0.89;0.62742241
567;9;16;16;27;VAL34;2;580;6.18;0.84;0.49787136
568;10;16;16;28;VAL18;2;553;13.8;0.93;0.74805201
569;10;16;16;29;VAL18;2;526;20.67;0.95;0.81450625
570;10;16;16;30;VAL18;2;456;9;0.89;0.62742241
571;11;16;16;31;VAL6;1;359;5.56;0.82;0.45212176
572;11;16;16;32;VAL6;1;493;6.18;0.84;0.49787136
573;11;16;16;33;VAL6;1;446;12.4;0.92;0.71639296
574;12;16;16;34;VAL55;1;451;7.13;0.86;0.54700816
575;12;16;16;35;VAL55;1;452;4.75;0.79;0.38950081
576;12;16;16;36;VAL55;1;460;4.46;0.78;0.37015056
577;12;17;17;36;VAL59;1;476;5.64;0.82;0.45212176
578;12;17;17;35;VAL59;1;492;19.25;0.95;0.81450625
579;12;17;17;34;VAL59;1;408;31;0.97;0.88529281
580;11;17;17;33;VAL24;1;495;7.44;0.87;0.57289761
581;11;17;17;32;VAL24;1;NA;NA;NA;NA
582;11;17;17;31;VAL24;1;NA;NA;NA;NA
583;10;17;17;30;VAL25;2;535;5.29;0.81;0.43046721
584;10;17;17;29;VAL25;2;534;3.71;0.73;0.28398241
585;10;17;17;28;VAL25;2;526;6.89;0.85;0.52200625
586;9;17;17;27;VAL70;2;523;2.5;0.6;0.1296
587;9;17;17;26;VAL70;2;494;6.6;0.85;0.52200625
588;9;17;17;25;VAL70;2;536;14.6;0.93;0.74805201
589;8;17;17;24;VAL64;3;462;6.56;0.85;0.52200625
590;8;17;17;23;VAL64;3;455;16.25;0.94;0.78074896
591;8;17;17;22;VAL64;3;452;4.13;0.76;0.33362176
592;7;17;17;21;VAL32;3;NA;NA;NA;NA
593;7;17;17;20;VAL32;3;488;6.89;0.85;0.52200625
594;7;17;17;19;VAL32;3;421;4.17;0.76;0.33362176
595;6;17;17;18;VAL19;4;608;4.73;0.79;0.38950081
596;6;17;17;17;VAL19;4;549;4.16;0.76;0.33362176
597;6;17;17;16;VAL19;4;476;6.45;0.85;0.52200625
598;5;17;17;15;VAL64;4;506;6.44;0.84;0.49787136
599;5;17;17;14;VAL64;4;481;4.93;0.8;0.4096
600;5;17;17;13;VAL64;4;502;7.5;0.87;0.57289761
601;4;17;17;12;VAL57;5;556;4.85;0.79;0.38950081
602;4;17;17;11;VAL57;5;520;6.44;0.84;0.49787136
603;4;17;17;10;VAL57;5;513;5.31;0.81;0.43046721
604;3;17;17;9;VAL13;5;564;2.22;0.55;0.09150625
605;3;17;17;8;VAL13;5;494;4.2;0.76;0.33362176
606;3;17;17;7;VAL13;5;596;2.83;0.65;0.17850625
607;2;17;17;6;VAL27;6;471;3.79;0.74;0.29986576
608;2;17;17;5;VAL27;6;533;4.31;0.77;0.35153041
609;2;17;17;4;VAL27;6;416;11;0.91;0.68574961
610;1;17;17;3;VAL51;6;597;1.94;0.48;0.05308416
611;1;17;17;2;VAL51;6;549;4.18;0.76;0.33362176
612;1;17;17;1;VAL51;6;573;1.97;0.49;0.05764801
614;1;18;18;1;VAL42;6;489;2.26;0.56;0.09834496
615;1;18;18;2;VAL42;6;525;4.33;0.77;0.35153041
616;1;18;18;3;VAL42;6;460;3.24;0.69;0.22667121
617;2;18;18;4;VAL17;6;550;4.6;0.78;0.37015056
618;2;18;18;5;VAL17;6;530;3.8;0.74;0.29986576
619;2;18;18;6;VAL17;6;480;4.31;0.77;0.35153041
620;3;18;18;7;VAL64;5;514;4.53;0.78;0.37015056
621;3;18;18;8;VAL64;5;531;2.8;0.64;0.16777216
622;3;18;18;9;VAL64;5;486;3.28;0.69;0.22667121
623;4;18;18;10;VAL52;5;495;12.6;0.92;0.71639296
624;4;18;18;11;VAL52;5;536;6.18;0.84;0.49787136
625;4;18;18;12;VAL52;5;617;3.5;0.71;0.25411681
626;5;18;18;13;VAL13;4;504;3.67;0.73;0.28398241
627;5;18;18;14;VAL13;4;525;7.22;0.86;0.54700816
628;5;18;18;15;VAL13;4;597;3.74;0.73;0.28398241
629;6;18;18;16;VAL10;4;517;6.6;0.85;0.52200625
630;6;18;18;17;VAL10;4;526;2.75;0.64;0.16777216
631;6;18;18;18;VAL10;4;484;4.91;0.8;0.4096
632;7;18;18;19;VAL25;3;520;8.43;0.88;0.59969536
633;7;18;18;20;VAL25;3;501;5.75;0.83;0.47458321
634;7;18;18;21;VAL25;3;543;4.71;0.79;0.38950081
635;8;18;18;22;VAL83;3;504;5.82;0.83;0.47458321
636;8;18;18;23;VAL83;3;NA;NA;NA;NA
637;8;18;18;24;VAL83;3;433;19.67;0.95;0.81450625
638;9;18;18;25;VAL35;2;513;7.45;0.87;0.57289761
639;9;18;18;26;VAL35;2;516;11.6;0.91;0.68574961
640;9;18;18;27;VAL35;2;553;9.13;0.89;0.62742241
641;10;18;18;28;VAL39;2;549;10.14;0.9;0.6561
642;10;18;18;29;VAL39;2;454;6.3;0.84;0.49787136
643;10;18;18;30;VAL39;2;422;10.5;0.9;0.6561
644;11;18;18;31;VAL57;1;317;NA;NA;NA
645;11;18;18;32;VAL57;1;434;10.67;0.91;0.68574961
646;11;18;18;33;VAL57;1;518;5.08;0.8;0.4096
647;12;18;18;34;VAL27;1;411;19.67;0.95;0.81450625
648;12;18;18;35;VAL27;1;552;33.5;0.97;0.88529281
649;12;18;18;36;VAL27;1;405;9.5;0.89;0.62742241
649;12;19;19;36;VAL69;1;497;11.67;0.91;0.68574961
650;12;19;19;35;VAL69;1;393;11;0.91;0.68574961
651;12;19;19;34;VAL69;1;437;7;0.86;0.54700816
652;11;19;19;33;VAL8;1;174;5;0.8;0.4096
653;11;19;19;32;VAL8;1;387;18;0.94;0.78074896
654;11;19;19;31;VAL8;1;NA;NA;NA;NA
655;10;19;19;30;VAL55;2;NA;NA;NA;NA
656;10;19;19;29;VAL55;2;490;4.62;0.78;0.37015056
657;10;19;19;28;VAL55;2;556;3.89;0.74;0.29986576
658;9;19;19;27;VAL52;2;531;7;0.86;0.54700816
659;9;19;19;26;VAL52;2;425;3.53;0.72;0.26873856
660;9;19;19;25;VAL52;2;444;8.5;0.88;0.59969536
661;8;19;19;24;VAL17;3;446;5.5;0.82;0.45212176
662;8;19;19;23;VAL17;3;475;12.6;0.92;0.71639296
663;8;19;19;22;VAL17;3;535;5;0.8;0.4096
664;7;19;19;21;VAL22;3;523;3.05;0.67;0.20151121
665;7;19;19;20;VAL22;3;499;4.14;0.76;0.33362176
666;7;19;19;19;VAL22;3;444;6.25;0.84;0.49787136
667;6;19;19;18;VAL59;4;437;6.67;0.85;0.52200625
668;6;19;19;17;VAL59;4;390;4.9;0.8;0.4096
669;6;19;19;16;VAL59;4;503;9.14;0.89;0.62742241
670;5;19;19;15;VAL30;4;625;3.08;0.68;0.21381376
671;5;19;19;14;VAL30;4;604;2.86;0.65;0.17850625
672;5;19;19;13;VAL30;4;447;2.18;0.54;0.08503056
673;4;19;19;12;VAL54;5;475;8.57;0.88;0.59969536
674;4;19;19;11;VAL54;5;504;10.86;0.91;0.68574961
675;4;19;19;10;VAL54;5;573;2.95;0.66;0.18974736
676;3;19;19;9;VAL32;5;529;3.53;0.72;0.26873856
677;3;19;19;8;VAL32;5;519;4.43;0.77;0.35153041
678;3;19;19;7;VAL32;5;501;11.33;0.91;0.68574961
679;2;19;19;6;VAL57;6;544;4.57;0.78;0.37015056
680;2;19;19;5;VAL57;6;NA;NA;NA;NA
681;2;19;19;4;VAL57;6;535;2.36;0.58;0.11316496
682;1;19;19;3;VAL69;6;542;3.32;0.7;0.2401
683;1;19;19;2;VAL69;6;502;3.6;0.72;0.26873856
684;1;19;19;1;VAL69;6;422;3.67;0.73;0.28398241
685;1;20;20;1;VAL26;6;500;2.43;0.59;0.12117361
686;1;20;20;2;VAL26;6;559;3.5;0.71;0.25411681
687;1;20;20;3;VAL26;6;362;3.67;0.73;0.28398241
688;2;20;20;4;VAL84;6;513;4.39;0.77;0.35153041
689;2;20;20;5;VAL84;6;633;5.94;0.83;0.47458321
690;2;20;20;6;VAL84;6;543;5.3;0.81;0.43046721
691;3;20;20;7;VAL40;5;570;6.6;0.85;0.52200625
692;3;20;20;8;VAL40;5;492;7.71;0.87;0.57289761
693;3;20;20;9;VAL40;5;502;5.45;0.82;0.45212176
694;4;20;20;10;VAL35;5;489;7.11;0.86;0.54700816
695;4;20;20;11;VAL35;5;488;9.86;0.9;0.6561
696;4;20;20;12;VAL35;5;521;5.42;0.82;0.45212176
697;5;20;20;13;VAL58;4;576;4.86;0.79;0.38950081
698;5;20;20;14;VAL58;4;479;6.8;0.85;0.52200625
699;5;20;20;15;VAL58;4;457;5;0.8;0.4096
700;6;20;20;16;VAL55;4;516;5;0.8;0.4096
701;6;20;20;17;VAL55;4;437;4;0.75;0.31640625
702;6;20;20;18;VAL55;4;416;7.63;0.87;0.57289761
703;7;20;20;19;VAL75;3;494;6.89;0.85;0.52200625
704;7;20;20;20;VAL75;3;519;5.91;0.83;0.47458321
705;7;20;20;21;VAL75;3;572;4.25;0.76;0.33362176
706;8;20;20;22;VAL41;3;476;3.33;0.7;0.2401
707;8;20;20;23;VAL41;3;516;3.65;0.73;0.28398241
708;8;20;20;24;VAL41;3;508;2.8;0.64;0.16777216
709;9;20;20;25;VAL30;2;539;3.72;0.73;0.28398241
710;9;20;20;26;VAL30;2;471;5.25;0.81;0.43046721
711;9;20;20;27;VAL30;2;490;4.67;0.79;0.38950081
712;10;20;20;28;VAL72;2;580;4.79;0.79;0.38950081
713;10;20;20;29;VAL72;2;536;7.22;0.86;0.54700816
714;10;20;20;30;VAL72;2;538;10.43;0.9;0.6561
715;11;20;20;31;VAL4;1;363;7.57;0.87;0.57289761
716;11;20;20;32;VAL4;1;466;22.33;0.96;0.84934656
717;11;20;20;33;VAL4;1;440;19.67;0.95;0.81450625
718;12;20;20;34;VAL10;1;503;6.5;0.85;0.52200625
719;12;20;20;35;VAL10;1;420;5;0.8;0.4096
720;12;20;20;36;VAL10;1;437;10;0.9;0.6561
721;12;21;21;36;VAL80;1;567;3.21;0.69;0.22667121
722;12;21;21;35;VAL80;1;534;3.88;0.74;0.29986576
723;12;21;21;34;VAL80;1;597;9.63;0.9;0.6561
724;11;21;21;33;VAL75;1;489;5.45;0.82;0.45212176
725;11;21;21;32;VAL75;1;418;8.14;0.88;0.59969536
726;11;21;21;31;VAL75;1;448;8.57;0.88;0.59969536
727;10;21;21;30;VAL42;2;403;6.63;0.85;0.52200625
728;10;21;21;29;VAL42;2;413;10.8;0.91;0.68574961
729;10;21;21;28;VAL42;2;416;32;0.97;0.88529281
730;9;21;21;27;VAL19;2;480;4.25;0.76;0.33362176
731;9;21;21;26;VAL19;2;429;11.4;0.91;0.68574961
732;9;21;21;25;VAL19;2;572;7.46;0.87;0.57289761
733;8;21;21;24;VAL58;3;580;7.56;0.87;0.57289761
734;8;21;21;23;VAL58;3;558;5.73;0.83;0.47458321
735;8;21;21;22;VAL58;3;570;7.22;0.86;0.54700816
736;7;21;21;21;VAL80;3;569;5.54;0.82;0.45212176
737;7;21;21;20;VAL80;3;494;4.23;0.76;0.33362176
738;7;21;21;19;VAL80;3;500;4.5;0.78;0.37015056
739;6;21;21;18;VAL31;4;490;4.62;0.78;0.37015056
740;6;21;21;17;VAL31;4;499;6.1;0.84;0.49787136
741;6;21;21;16;VAL31;4;275;10.2;0.9;0.6561
742;5;21;21;15;VAL8;4;475;7.25;0.86;0.54700816
743;5;21;21;14;VAL8;4;450;7.1;0.86;0.54700816
744;5;21;21;13;VAL8;4;510;4.36;0.77;0.35153041
745;4;21;21;12;VAL53;5;600;6.91;0.86;0.54700816
746;4;21;21;11;VAL53;5;556;5.17;0.81;0.43046721
747;4;21;21;10;VAL53;5;515;5.17;0.81;0.43046721
748;3;21;21;9;VAL41;5;509;3.06;0.67;0.20151121
749;3;21;21;8;VAL41;5;564;3.94;0.75;0.31640625
750;3;21;21;7;VAL41;5;526;2.55;0.61;0.13845841
751;2;21;21;6;VAL24;6;596;4.41;0.77;0.35153041
752;2;21;21;5;VAL24;6;566;3.69;0.73;0.28398241
753;2;21;21;4;VAL24;6;587;2;0.5;0.0625
754;1;21;21;3;VAL13;6;NA;NA;NA;NA
755;1;21;21;2;VAL13;6;539;2.57;0.61;0.13845841
756;1;21;21;1;VAL13;6;361;4.17;0.76;0.33362176
757;1;22;22;1;VAL78;6;556;4.73;0.79;0.38950081
758;1;22;22;2;VAL78;6;524;5.27;0.81;0.43046721
759;1;22;22;3;VAL78;6;601;2.83;0.65;0.17850625
760;2;22;22;4;VAL6;6;499;2.32;0.57;0.10556001
761;2;22;22;5;VAL6;6;490;4.33;0.77;0.35153041
762;2;22;22;6;VAL6;6;496;3.88;0.74;0.29986576
763;3;22;22;7;VAL17;5;467;3.5;0.71;0.25411681
764;3;22;22;8;VAL17;5;NA;NA;NA;NA
765;3;22;22;9;VAL17;5;587;6.27;0.84;0.49787136
766;4;22;22;10;VAL63;5;506;19.5;0.95;0.81450625
767;4;22;22;11;VAL63;5;558;4.73;0.79;0.38950081
768;4;22;22;12;VAL63;5;603;3.4;0.71;0.25411681
769;5;22;22;13;VAL26;4;462;5.08;0.8;0.4096
770;5;22;22;14;VAL26;4;531;4.67;0.79;0.38950081
771;5;22;22;15;VAL26;4;510;5;0.8;0.4096
772;6;22;22;16;VAL35;4;398;5.44;0.82;0.45212176
773;6;22;22;17;VAL35;4;492;5.91;0.83;0.47458321
774;6;22;22;18;VAL35;4;437;16.25;0.94;0.78074896
775;7;22;22;19;VAL72;3;528;11.83;0.92;0.71639296
776;7;22;22;20;VAL72;3;511;4.69;0.79;0.38950081
777;7;22;22;21;VAL72;3;526;4.29;0.77;0.35153041
778;8;22;22;22;VAL18;3;529;7.88;0.87;0.57289761
779;8;22;22;23;VAL18;3;508;8.5;0.88;0.59969536
780;8;22;22;24;VAL18;3;557;5.77;0.83;0.47458321
781;9;22;22;25;VAL56;2;519;7.75;0.87;0.57289761
782;9;22;22;26;VAL56;2;359;14.75;0.93;0.74805201
783;9;22;22;27;VAL56;2;437;5.29;0.81;0.43046721
784;10;22;22;28;VAL84;2;584;3.78;0.74;0.29986576
785;10;22;22;29;VAL84;2;412;10.8;0.91;0.68574961
786;10;22;22;30;VAL84;2;520;9.43;0.89;0.62742241
787;11;22;22;31;VAL48;1;535;8.44;0.88;0.59969536
788;11;22;22;32;VAL48;1;515;6.89;0.85;0.52200625
789;11;22;22;33;VAL48;1;535;5;0.8;0.4096
790;12;22;22;34;VAL11;1;584;5.77;0.83;0.47458321
791;12;22;22;35;VAL11;1;572;2.81;0.64;0.16777216
792;12;22;22;36;VAL11;1;468;4.33;0.77;0.35153041
793;12;23;23;36;VAL17;1;545;4.4;0.77;0.35153041
794;12;23;23;35;VAL17;1;541;8.11;0.88;0.59969536
795;12;23;23;34;VAL17;1;579;4.92;0.8;0.4096
796;11;23;23;33;VAL34;1;628;3.65;0.73;0.28398241
797;11;23;23;32;VAL34;1;650;10.25;0.9;0.6561
798;11;23;23;31;VAL34;1;559;5.07;0.8;0.4096
799;10;23;23;30;VAL26;2;346;13.75;0.93;0.74805201
800;10;23;23;29;VAL26;2;523;6.09;0.84;0.49787136
801;10;23;23;28;VAL26;2;457;18;0.94;0.78074896
802;9;23;23;27;VAL75;2;415;9.14;0.89;0.62742241
803;9;23;23;26;VAL75;2;528;5.91;0.83;0.47458321
804;9;23;23;25;VAL75;2;535;8.38;0.88;0.59969536
805;8;23;23;24;VAL54;3;534;4.13;0.76;0.33362176
806;8;23;23;23;VAL54;3;598;6.21;0.84;0.49787136
807;8;23;23;22;VAL54;3;561;3.65;0.73;0.28398241
808;7;23;23;21;VAL57;3;472;7.2;0.86;0.54700816
809;7;23;23;20;VAL57;3;596;5.21;0.81;0.43046721
810;7;23;23;19;VAL57;3;572;11.5;0.91;0.68574961
811;6;23;23;18;VAL32;4;536;8.22;0.88;0.59969536
812;6;23;23;17;VAL32;4;550;9.25;0.89;0.62742241
813;6;23;23;16;VAL32;4;578;8;0.88;0.59969536
814;5;23;23;15;VAL78;4;436;9.13;0.89;0.62742241
815;5;23;23;14;VAL78;4;556;6.6;0.85;0.52200625
816;5;23;23;13;VAL78;4;511;9.57;0.9;0.6561
817;4;23;23;12;VAL9;5;512;8.5;0.88;0.59969536
818;4;23;23;11;VAL9;5;534;4.43;0.77;0.35153041
819;4;23;23;10;VAL9;5;517;6.1;0.84;0.49787136
820;3;23;23;9;VAL78;5;486;5.33;0.81;0.43046721
821;3;23;23;8;VAL78;5;466;7.13;0.86;0.54700816
822;3;23;23;7;VAL78;5;475;11.6;0.91;0.68574961
823;2;23;23;6;VAL28;6;535;3.45;0.71;0.25411681
824;2;23;23;5;VAL28;6;571;3.24;0.69;0.22667121
825;2;23;23;4;VAL28;6;515;2.67;0.63;0.15752961
826;1;23;23;3;VAL56;6;534;4.21;0.76;0.33362176
827;1;23;23;2;VAL56;6;509;2.58;0.61;0.13845841
828;1;23;23;1;VAL56;6;481;4.73;0.79;0.38950081
829;1;24;24;1;VAL70;6;530;2.33;0.57;0.10556001
830;1;24;24;2;VAL70;6;567;13;0.92;0.71639296
831;1;24;24;3;VAL70;6;258;NA;NA;NA
832;2;24;24;4;VAL18;6;567;6.5;0.85;0.52200625
833;2;24;24;5;VAL18;6;503;4.14;0.76;0.33362176
834;2;24;24;6;VAL18;6;558;5.5;0.82;0.45212176
835;3;24;24;7;VAL72;5;584;5.21;0.81;0.43046721
836;3;24;24;8;VAL72;5;631;7.55;0.87;0.57289761
837;3;24;24;9;VAL72;5;501;5.64;0.82;0.45212176
838;4;24;24;10;VAL25;5;493;7.2;0.86;0.54700816
839;4;24;24;11;VAL25;5;480;7.75;0.87;0.57289761
840;4;24;24;12;VAL25;5;465;7.5;0.87;0.57289761
841;5;24;24;13;VAL39;4;510;8.75;0.89;0.62742241
842;5;24;24;14;VAL39;4;618;3.57;0.72;0.26873856
843;5;24;24;15;VAL39;4;498;10.29;0.9;0.6561
844;6;24;24;16;VAL52;4;522;12.67;0.92;0.71639296
845;6;24;24;17;VAL52;4;535;3.79;0.74;0.29986576
846;6;24;24;18;VAL52;4;485;15.25;0.93;0.74805201
847;7;24;24;19;VAL10;3;481;NA;NA;NA
848;7;24;24;20;VAL10;3;479;3.8;0.74;0.29986576
849;7;24;24;21;VAL10;3;523;4.79;0.79;0.38950081
850;8;24;24;22;VAL34;3;628;15.33;0.93;0.74805201
851;8;24;24;23;VAL34;3;642;10.56;0.91;0.68574961
852;8;24;24;24;VAL34;3;565;7;0.86;0.54700816
853;9;24;24;25;VAL40;2;549;3.53;0.72;0.26873856
854;9;24;24;26;VAL40;2;509;6.44;0.84;0.49787136
855;9;24;24;27;VAL40;2;501;7.38;0.86;0.54700816
856;10;24;24;28;VAL11;2;452;7.38;0.86;0.54700816
857;10;24;24;29;VAL11;2;497;19.5;0.95;0.81450625
858;10;24;24;30;VAL11;2;462;24.33;0.96;0.84934656
859;11;24;24;31;VAL68;1;560;8.63;0.88;0.59969536
860;11;24;24;32;VAL68;1;535;6.89;0.85;0.52200625
861;11;24;24;33;VAL68;1;543;4.4;0.77;0.35153041
862;12;24;24;34;VAL72;1;500;4.14;0.76;0.33362176
863;12;24;24;35;VAL72;1;558;12.67;0.92;0.71639296
864;12;24;24;36;VAL72;1;646;5.85;0.83;0.47458321
865;12;25;25;36;VAL28;1;600;5.46;0.82;0.45212176
866;12;25;25;35;VAL28;1;528;5.36;0.81;0.43046721
867;12;25;25;34;VAL28;1;535;3.28;0.69;0.22667121
868;11;25;25;33;VAL22;1;485;4.08;0.75;0.31640625
869;11;25;25;32;VAL22;1;537;5.27;0.81;0.43046721
870;11;25;25;31;VAL22;1;454;4.17;0.76;0.33362176
871;10;25;25;30;VAL9;2;487;14.5;0.93;0.74805201
872;10;25;25;29;VAL9;2;480;5.18;0.81;0.43046721
873;10;25;25;28;VAL9;2;479;5.45;0.82;0.45212176
874;9;25;25;27;VAL4;2;357;10.6;0.91;0.68574961
875;9;25;25;26;VAL4;2;437;10.75;0.91;0.68574961
876;9;25;25;25;VAL4;2;486;6.7;0.85;0.52200625
877;8;25;25;24;VAL51;3;633;8.64;0.88;0.59969536
878;8;25;25;23;VAL51;3;483;4.46;0.78;0.37015056
879;8;25;25;22;VAL51;3;600;4.93;0.8;0.4096
880;7;25;25;21;VAL6;3;503;4.85;0.79;0.38950081
881;7;25;25;20;VAL6;3;508;3.75;0.73;0.28398241
882;7;25;25;19;VAL6;3;453;4.7;0.79;0.38950081
883;6;25;25;18;VAL75;4;458;7;0.86;0.54700816
884;6;25;25;17;VAL75;4;455;10.4;0.9;0.6561
885;6;25;25;16;VAL75;4;497;5.7;0.82;0.45212176
886;5;25;25;15;VAL18;4;508;15;0.93;0.74805201
887;5;25;25;14;VAL18;4;485;3.47;0.71;0.25411681
888;5;25;25;13;VAL18;4;535;5;0.8;0.4096
889;4;25;25;12;VAL61;5;540;5.5;0.82;0.45212176
890;4;25;25;11;VAL61;5;552;4.53;0.78;0.37015056
891;4;25;25;10;VAL61;5;391;3.4;0.71;0.25411681
892;3;25;25;9;VAL22;5;457;4.82;0.79;0.38950081
893;3;25;25;8;VAL22;5;493;4.83;0.79;0.38950081
894;3;25;25;7;VAL22;5;585;3.32;0.7;0.2401
895;2;25;25;6;VAL48;6;586;3.78;0.74;0.29986576
896;2;25;25;5;VAL48;6;631;3.68;0.73;0.28398241
897;2;25;25;4;VAL48;6;494;7.22;0.86;0.54700816
898;1;25;25;3;VAL53;6;505;9.57;0.9;0.6561
899;1;25;25;2;VAL53;6;512;7.22;0.86;0.54700816
900;1;25;25;1;VAL53;6;465;2.45;0.59;0.12117361
